risk_tier,users,avg_probability,total_revenue_at_risk
critical,169,0.8302139967856322,2164.065283536911
high,223,0.5346031309243275,1891.9917514920235
low,1401,0.02759821739723506,647.2279963124736
medium,207,0.2952185569753969,942.6197250485419
