model_name,split,roc_auc,pr_auc,precision,recall,f1,lift_at_10pct
logistic_regression,validation,0.9179938337945673,0.7221108979880758,0.48721804511278194,0.8901098901098901,0.6297376093294461,4.230769230769231
logistic_regression,test,0.9053734995313271,0.6767918174076762,0.4796380090497738,0.8760330578512396,0.6198830409356725,3.8567493112947657
random_forest,validation,0.9109913619387947,0.7054412203447126,0.49203821656050956,0.8489010989010989,0.6229838709677419,4.258241758241758
random_forest,test,0.900765863780247,0.645617727112264,0.4944,0.8512396694214877,0.6255060728744939,3.8016528925619832
xgboost,validation,0.9127512157768882,0.7153602471032584,0.6666666666666666,0.6043956043956044,0.6340057636887608,4.313186813186814
xgboost,test,0.9014036628853089,0.657775981609947,0.6283783783783784,0.512396694214876,0.5644916540212443,3.8567493112947657
